,Lux,Infrared,Visible,Full_Spectrum,Accelerometer_x_axis,Accelerometer_y_axis,Accelerometer_z_axis,Temperature,Humidity,Pressure,All_Cores
0,122.413056,203,13304688,13304891,2.549729,1.6082906,8.629852,23.7587890625,40.96953221034516,1006.0123567894453,8.0
1,116.26368000000001,190,12452674,12452864,2.5889556,1.6082906,8.5513988,23.7431640625,41.20158107754697,1005.9214104707313,6.75
2,115.87852799999999,189,12387135,12387324,2.5889556,1.569064,8.5513988,23.7173828125,41.207277171021,1005.9302316528939,7.5
3,115.87852799999999,189,12387135,12387324,2.5889556,1.6082906,8.590625399999999,23.753515625,41.026124150110185,1005.8817692831716,14.0
4,116.26368000000001,190,12452674,12452864,2.5889556,1.6082906,8.590625399999999,23.7587890625,41.18467076219703,1005.8733379638007,9.75
5,116.42688000000001,190,12452675,12452865,2.5889556,1.6082906,8.5513988,23.7638671875,40.93561176327691,1005.8566689497318,7.0
