,Lux,Infrared,Visible,Full_Spectrum,Accelerometer_x_axis,Accelerometer_y_axis,Accelerometer_z_axis,Temperature,Humidity,Pressure,All_Cores
0,0.443904,2,131076,131078,1.0591182,4.4326058,7.9237732,23.89296875,40.16576882360808,1005.9543751654834,8.5
1,0.607104,2,131077,131079,1.0983448,4.3933792,7.8845466,23.898046875,40.16577421495803,1006.0054226474266,6.5
2,0.607104,2,131077,131079,1.0591182,4.4326058,7.9237732,23.9083984375,40.16013172959388,1005.9775396088486,8.0
3,0.607104,2,131077,131079,1.0983448,4.3933792,7.9237732,23.9240234375,40.26208876372454,1005.9871349332052,12.25
4,0.607104,2,131077,131079,1.0591182,4.3933792,7.9629998,23.9240234375,40.13746393911061,1006.0064421665932,9.75
5,0.607104,2,131077,131079,1.0983448,4.4326058,7.8845466,23.9291015625,40.19979371121771,1005.9766982705041,8.25
