,Lux,Infrared,Visible,Full_Spectrum,Accelerometer_x_axis,Accelerometer_y_axis,Accelerometer_z_axis,Temperature,Humidity,Pressure,All_Cores
0,119.109888,195,12780379,12780574,2.5889556,1.6082906,8.629852,23.7845703125,41.15079285265176,1005.926701066372,5.0
1,119.273088,194,12714839,12715033,2.5889556,1.569064,8.590625399999999,23.7896484375,40.72623212135374,1005.9249634307516,12.25
2,52.139136,93,6095227,6095320,2.549729,1.6475172,8.5513988,23.8,40.67527506994055,1005.913765602597,8.25
3,0.933504,2,131079,131081,0.8237586,3.6088471999999996,8.316039199999999,23.779296875,42.73549070118337,1005.9199431169552,9.75
4,0.607104,2,131077,131079,1.0198916,4.314926,8.041453,23.9033203125,43.036416439343405,1006.124836604363,11.75
5,0.607104,2,131077,131079,1.0983448,4.314926,7.9629998,23.8052734375,42.288545711346686,1005.9426668954239,12.75
